<?xml version="1.0" encoding="UTF-8" ?>
<!DOCTYPE mapper
  PUBLIC "-//mybatis.org//DTD Mapper 3.0//EN"
  "https://mybatis.org/dtd/mybatis-3-mapper.dtd">
<mapper namespace="com.ssafy.board.model.dao.VideoDao">
	<resultMap type="Video" id="videoMap">
		<result column="videoId" property="videoId"/>
		<result column="title" property="title"/>
		<result column="fitPartName" property="fitPartName"/>
		<result column="channelName" property="channelName"/>
		<result column="viewCnt" property="viewCnt"/>
		<result column="url" property="url"/>
	</resultMap>
	<select id="searchByPart" parameterType="String" resultType="Video">
		SELECT * FROM Video
		WHERE fitPartName = #{fitPartName}
	</select>
	<select id="selectAllByViewCnt" resultType="Video">
		SELECT * FROM Video
		ORDER BY viewCnt DESC
	</select>
	<insert id="insertVideo" parameterType="Video">
		INSERT INTO Video (videoId,  title, fitPartName, channelName, url)
		VALUES (#{videoId}, #{title}, #{fitPartName}, #{channelName}, #{url})
	</insert>
	<update id="updateVideo" parameterType="Video">
		UPDATE Video
		SET title = #{title}, fitPartName = #{fitPartName}, channelName = #{channelName},
		url = #{url}, viewCnt = #{viewCnt}
		WHERE videoId = #{videoId}
	</update>
	<select id="deleteVideo" parameterType="int">
		DELETE FROM Video
		WHERE videoId = #{videoId}
	</select>
	<update id="updateVideoViewCount" parameterType="int">
		UPDATE Video
		SET viewCnt = viewCnt+1
		WHERE videoId = #{videoId}
	</update>
	
	
</mapper>