<?xml version="1.0" encoding="UTF-8"?>
<beans xmlns="http://www.springframework.org/schema/beans"
	xmlns:xsi="http://www.w3.org/2001/XMLSchema-instance"
	xmlns:context="http://www.springframework.org/schema/context"
	xmlns:mybatis-spring="http://mybatis.org/schema/mybatis-spring"
	xmlns:tx="http://www.springframework.org/schema/tx"
	xsi:schemaLocation="http://mybatis.org/schema/mybatis-spring http://mybatis.org/schema/mybatis-spring-1.2.xsd
		http://www.springframework.org/schema/beans https://www.springframework.org/schema/beans/spring-beans.xsd
		http://www.springframework.org/schema/context http://www.springframework.org/schema/context/spring-context-4.3.xsd
		http://www.springframework.org/schema/tx http://www.springframework.org/schema/tx/spring-tx-4.3.xsd">
	
	<!-- dataSource 가지고와서 빈으로 등록 하자!! -->
	<bean id="dataSource" class="org.apache.commons.dbcp2.BasicDataSource">
		<property name="url" value="jdbc:mysql://localhost:3306/ssafy_board?serverTimezone=UTC"/>
		<property name="driverClassName" value="com.mysql.cj.jdbc.Driver"/>
		<property name="username" value="ssafy"/>
		<property name="password" value="ssafy"/>
	</bean>
	
	<!-- 공장 세워 마이바티스를 사용하기 위해서 sqlSessionFactoryBean 을 등록하자 -->
	<bean id="sqlSessionFactory" class="org.mybatis.spring.SqlSessionFactoryBean">
		<property name="dataSource" ref="dataSource"/>
		<property name="mapperLocations" value="classpath*:mappers/*.xml"/>
		<property name="typeAliasesPackage" value="com.ssafy.board.model.dto"/>
	</bean>
	
	<!-- 마이바티스-스프링 에서 제공하는 scan을 통해서 dao 인터페이스 위치를 지정하겠다!! -->
	<mybatis-spring:scan base-package="com.ssafy.board.model.dao"/>
	
	
	<context:component-scan base-package="com.ssafy.board.model"/>
	
	<!-- 트랜잭션 매니저를 등록하자 -->
	<bean id="transactionManager" class="org.springframework.jdbc.datasource.DataSourceTransactionManager">
		<constructor-arg ref="dataSource"/>
	</bean>
	
	<tx:annotation-driven transaction-manager="transactionManager"/>
</beans>
